{
  "Backend Engineer": {
    "precision": 1.0,
    "recall": 0.9375,
    "f1-score": 0.967741935483871,
    "support": 16.0
  },
  "Data Analyst": {
    "precision": 0.782608695652174,
    "recall": 1.0,
    "f1-score": 0.8780487804878049,
    "support": 36.0
  },
  "Data Engineer": {
    "precision": 1.0,
    "recall": 1.0,
    "f1-score": 1.0,
    "support": 15.0
  },
  "DevOps Engineer": {
    "precision": 1.0,
    "recall": 0.6842105263157895,
    "f1-score": 0.8125,
    "support": 19.0
  },
  "ML Engineer": {
    "precision": 0.9375,
    "recall": 0.7894736842105263,
    "f1-score": 0.8571428571428571,
    "support": 19.0
  },
  "accuracy": 0.8952380952380953,
  "macro avg": {
    "precision": 0.9440217391304347,
    "recall": 0.8822368421052632,
    "f1-score": 0.9030867146229065,
    "support": 105.0
  },
  "weighted avg": {
    "precision": 0.914156314699793,
    "recall": 0.8952380952380953,
    "f1-score": 0.8934937271525446,
    "support": 105.0
  }
}